Tournament_Type,Opponent,Wins,Losses,Total_Matches,Win_Percentage
All,poolmaster,2,0,2,100.0
All,Jyothi Swaroop,2,0,2,100.0
All,Scott Thompson,1,0,1,100.0
All,anveshkolli,1,0,1,100.0
All,Dr VIGHNESH B,0,1,1,0.0
All,Karthik Kosuri,1,0,1,100.0
All,Rachit3069,4,2,6,66.7
All,chiku0215,2,7,9,22.2
All,Keerthi G,2,0,2,100.0
All,Kp,0,1,1,0.0
All,Pavan Singh,0,1,1,0.0
All,Jaadooo,0,1,1,0.0
All,Salmankhan24,1,0,1,100.0
All,Abeer,1,0,1,100.0
All,Sukhu75,2,0,2,100.0
All,Nii,1,0,1,100.0
All,Rahul Badhan,1,0,1,100.0
All,pu2wilson,4,1,5,80.0
All,Avanesh,1,0,1,100.0
All,Animal,0,1,2,0.0
All,Rashesh,1,1,2,50.0
All,Sai Kittu,1,0,1,100.0
All,Srinunaidu,0,0,1,0.0
All,Salman Ayub,0,0,1,0.0
All,ArunJalanila,0,0,1,0.0
All,Krishnakumar K,0,1,1,0.0
All,AnythingIsPossible,0,1,1,0.0
All,NEW ZEALAND,0,0,1,0.0
All,Varshnem,0,0,1,0.0
All,Raj Patil,0,0,1,0.0
All,Shoaib,0,0,1,0.0
All,KiranDevara,0,0,1,0.0
All,NiTiN,4,0,4,100.0
All,Vishal dhanala,2,0,2,100.0
All,Fetalice,2,0,2,100.0
All,Krishna Prashanth,0,1,1,0.0
All,HighestSaint,1,0,1,100.0
All,Gonnabathula,0,2,2,0.0
All,AJ,1,0,1,100.0
All,Nikhil,2,2,4,50.0
All,RiteshSbgIndia,1,0,1,100.0
All,Adeep kumar sahoo,0,1,1,0.0
All,kAiZZeR 007,2,0,2,100.0
All,AjgarJurraat,1,0,1,100.0
All,aviroyal,1,0,1,100.0
All,Abhitiwa,2,0,2,100.0
All,Alishan Abdul Qadir,1,0,1,100.0
All,Ajaura,1,0,1,100.0
All,SinghTaran,1,0,1,100.0
All,VR Meta,1,0,1,100.0
All,Nkmaharana,1,0,1,100.0
All,Munawar,1,0,1,100.0
All,Justin Davies,1,0,1,100.0
All,Haider,1,0,1,100.0
All,VK,0,3,3,0.0
All,Rishab Prashanth,4,3,7,57.1
All,shri,1,0,1,100.0
All,GoWinNow,2,8,10,20.0
All,Shrey,1,0,1,100.0
All,Zain Sarwar,2,0,2,100.0
All,Donz Rohilla,1,0,1,100.0
All,A1andominic,1,0,1,100.0
All,Faisal hayat,3,0,3,100.0
All,quick-bravery,2,0,2,100.0
All,Anumala,2,0,2,100.0
All,Jaitik Berawala,0,2,2,0.0
All,WhoGamer,1,1,2,50.0
All,taran2388,3,0,3,100.0
All,Haree,2,0,2,100.0
All,KYADASI SRIKANTH,1,0,1,100.0
All,IshanOshin,2,0,2,100.0
All,Gary Belcher,2,0,2,100.0
All,Yogesh Shrivastava,2,0,2,100.0
All,Zeeshan,0,1,1,0.0
All,Dev,1,0,1,100.0
All,N@N!,1,0,1,100.0
All,Kunal,1,0,1,100.0
All,GalacticParakeet3590,1,0,1,100.0
All,Vivek Venugopal,1,0,1,100.0
All,Wizheart,1,0,1,100.0
All,Shikhar,2,0,2,100.0
All,aravindun,3,1,4,75.0
All,Junadkhan,2,0,2,100.0
All,Arjunak23,3,1,4,75.0
All,Dinosa_VR,1,0,1,100.0
All,Pratik Chandarana,1,0,1,100.0
All,manjunath0591,1,0,1,100.0
All,Tharshith,1,0,1,100.0
All,farazshamim9,2,0,2,100.0
All,Powerplay6100,1,0,1,100.0
All,Hamza,1,0,1,100.0
All,AshMc1,1,0,1,100.0
All,uzair52,1,0,1,100.0
All,akarsh86,2,0,2,100.0
All,emms.shergill,2,2,4,50.0
All,martinc41,1,0,1,100.0
All,saketh,2,0,2,100.0
All,ai.x,1,0,1,100.0
All,sumair,1,0,1,100.0
All,DireKirby,0,1,1,0.0
All,Dax,1,0,1,100.0
All,GameParade8258_YT,1,1,2,50.0
All,Faheem,1,0,1,100.0
All,Devil,2,0,2,100.0
All,ADITHYA GOURIBHATLA,2,0,2,100.0
All,MJ,0,1,1,0.0
All,Santhosh Gujje,2,0,2,100.0
All,Mike Andrews,1,0,1,100.0
All,Boycott Geoffrey,3,0,3,100.0
All,Mohammad Ahyan,2,0,2,100.0
All,Subhanazaan,1,0,1,100.0
All,Sai,1,0,1,100.0
All,Veekshith4,1,0,1,100.0
All,Adilmirza,1,0,1,100.0
All,timephilospher13,1,0,1,100.0
All,prudhiviraj,1,0,1,100.0
All,zubair16,1,0,1,100.0
All,Shikhar Sharma,1,0,1,100.0
All,Janjo,1,0,1,100.0
All,Puneet,0,1,1,0.0
All,Ikram Khan,2,0,2,100.0
All,Boora,1,0,1,100.0
All,K2L,1,1,2,50.0
All,Venomvertex24,1,0,1,100.0
All,ammarkhan87,2,0,2,100.0
All,Viraj Sankholkar,1,0,1,100.0
All,Finalstatue,1,0,1,100.0
All,AminSajwani17,1,0,1,100.0
All,harsha425,1,0,1,100.0
All,fas,1,1,2,50.0
All,GoldBadger2650,1,0,1,100.0
All,Muhammad Janjua,1,0,1,100.0
All,Parth Patel,0,0,1,0.0
All,Zackahmed2020,0,1,1,0.0
All,Narayanharimittal,0,1,1,0.0
All,Aalok,0,0,1,0.0
All,Izhar Ali,0,1,1,0.0
All,Mudi,0,0,1,0.0
All,Bharath Simha Reddy Bobbala,0,1,1,0.0
All,Isco71,0,0,1,0.0
All,Arshpreet Singh,1,0,1,100.0
All,మధు కిరణ్ తుమ్మిడి,0,1,1,0.0
All,Mehmood,1,0,1,100.0
All,Vishal,1,0,1,100.0
All,LaughingMacaw9638,0,1,1,0.0
All,Salim Syed,0,1,1,0.0
All,Garvish,0,1,1,0.0
All,SamP,1,1,2,50.0
All,Shayak Mukherjee,0,1,1,0.0
All,wajihhaider1,0,1,1,0.0
All,Gautam Khandige,2,0,2,100.0
All,Jack,1,0,1,100.0
All,Karanveer Singh,3,0,3,100.0
All,Ram,2,0,2,100.0
All,Numan Sarfraz,2,0,2,100.0
All,Srikanth Mamidi,1,0,1,100.0
All,Sohaib Arshad,2,0,2,100.0
All,Anil Roy,1,0,1,100.0
All,Morne Herselman,1,0,1,100.0
All,Atul Gupta,1,0,1,100.0
All,Lets workout,1,0,1,100.0
All,Arslan Cheema,1,0,1,100.0
All,Sheikh0300,1,0,1,100.0
All,amazing11,1,0,1,100.0
All,CS COATs,1,0,1,100.0
All,James Middleton,1,0,1,100.0
All,Imran Shariff,1,0,1,100.0
All,Jigar Adhiya,1,0,1,100.0
All,SAi Kumar Reddy,1,0,1,100.0
All,Deepuppal,1,0,1,100.0
All,Rohan,1,0,1,100.0
All,Jeevan,0,1,1,0.0
All,Another Cricketer,1,0,1,100.0
All,musascontact,1,0,1,100.0
All,deepu_vyshu,1,0,1,100.0
All,Stealthemu,1,0,1,100.0
All,Ali,1,0,1,100.0
All,Right_handed_batsman,1,0,1,100.0
All,Ali110,1,0,1,100.0
All,Santosh,1,0,1,100.0
All,SadhiqCMA,1,0,1,100.0
All,Stone Cold316,1,0,1,100.0
All,vrmaha8055,1,0,1,100.0
All,Dushyanth,1,0,1,100.0
All,Iceman,0,1,1,0.0
All,Anil Solanki,1,0,1,100.0
All,FriendlyFlamingo9461,1,0,1,100.0
All,bizwiz00,2,0,2,100.0
All,Mandy Mandanna,1,0,1,100.0
All,Albert,1,0,1,100.0
All,DataDragon,1,0,1,100.0
All,mnfumatiya,1,0,1,100.0
All,San Van,1,0,1,100.0
All,Barney,1,0,1,100.0
All,rishirocks22,1,0,1,100.0
All,FrostedNarwhal4218,1,0,1,100.0
All,Nishant Kumar,0,1,1,0.0
All,RONAK,0,1,1,0.0
All,Meer03,1,0,1,100.0
All,Akshar1127,1,0,1,100.0
All,Niles,1,0,1,100.0
All,Asif Eqbal,0,1,1,0.0
All,Fucuras,1,0,1,100.0
All,Adeel Prasla,1,0,1,100.0
All,Harsh,0,1,1,0.0
All,Kinshuk Kashyap,1,0,1,100.0
All,nxy6608,1,0,1,100.0
All,CyyM07,1,0,1,100.0
All,AJ-Abhi,1,0,1,100.0
All,Mustafa Hussain,1,0,1,100.0
All,BazBall,0,1,1,0.0
All,Steve,1,0,1,100.0
All,Haleyangilella,1,0,1,100.0
All,HarshaPopuri,1,0,1,100.0
All,Shashank Ubarhande,1,0,1,100.0
All,Praneeth,1,0,1,100.0
All,Mumar19,1,0,1,100.0
All,Vidit Chopra,1,0,1,100.0
All,Mayank Dungarwal,0,1,1,0.0
All,Regor024,1,0,1,100.0
All,Mohitv90,1,0,1,100.0
All,Amna,1,0,1,100.0
All,Abhya73,1,0,1,100.0
All,Sumit,1,0,1,100.0
All,JumpingWren3304,1,0,1,100.0
All,GoofyTapir5006,1,0,1,100.0
All,Chan8690,1,0,1,100.0
iBC PRO 360,poolmaster,2,0,2,100.0
iBC PRO 360,Jyothi Swaroop,1,0,1,100.0
iBC PRO 360,Scott Thompson,1,0,1,100.0
iBC PRO 360,Karthik Kosuri,1,0,1,100.0
iBC PRO 360,chiku0215,1,2,3,33.3
iBC PRO 360,Keerthi G,1,0,1,100.0
iBC PRO 360,Kp,0,1,1,0.0
iBC PRO 360,Pavan Singh,0,1,1,0.0
iBC PRO 360,Jaadooo,0,1,1,0.0
iBC PRO 360,Salmankhan24,1,0,1,100.0
iBC PRO 360,Abeer,1,0,1,100.0
iBC PRO 360,Nii,1,0,1,100.0
iBC PRO 360,Rahul Badhan,1,0,1,100.0
iBC PRO 360,pu2wilson,4,1,5,80.0
iBC PRO 360,Avanesh,1,0,1,100.0
iBC PRO 360,Rashesh,1,1,2,50.0
iBC PRO 360,Sai Kittu,1,0,1,100.0
iBC PRO 360,NiTiN,3,0,3,100.0
iBC PRO 360,Fetalice,1,0,1,100.0
iBC PRO 360,Krishna Prashanth,0,1,1,0.0
iBC PRO 360,HighestSaint,1,0,1,100.0
iBC PRO 360,Nikhil,2,2,4,50.0
iBC PRO 360,RiteshSbgIndia,1,0,1,100.0
iBC PRO 360,kAiZZeR 007,1,0,1,100.0
iBC PRO 360,AjgarJurraat,1,0,1,100.0
iBC PRO 360,Abhitiwa,2,0,2,100.0
iBC PRO 360,Alishan Abdul Qadir,1,0,1,100.0
iBC PRO 360,Ajaura,1,0,1,100.0
iBC PRO 360,SinghTaran,1,0,1,100.0
iBC PRO 360,VR Meta,1,0,1,100.0
iBC PRO 360,Nkmaharana,1,0,1,100.0
iBC PRO 360,Justin Davies,1,0,1,100.0
iBC PRO 360,Haider,1,0,1,100.0
iBC PRO 360,shri,1,0,1,100.0
iBC PRO 360,GoWinNow,2,4,6,33.3
iBC PRO 360,Rishab Prashanth,1,2,3,33.3
iBC PRO 360,A1andominic,1,0,1,100.0
iBC PRO 360,Rachit3069,1,1,2,50.0
iBC PRO 360,Anumala,2,0,2,100.0
iBC PRO 360,taran2388,3,0,3,100.0
iBC PRO 360,IshanOshin,2,0,2,100.0
iBC PRO 360,Zeeshan,0,1,1,0.0
iBC PRO 360,Dev,1,0,1,100.0
iBC PRO 360,Kunal,1,0,1,100.0
iBC PRO 360,GalacticParakeet3590,1,0,1,100.0
iBC PRO 360,Wizheart,1,0,1,100.0
iBC PRO 360,Shikhar,2,0,2,100.0
iBC PRO 360,aravindun,3,1,4,75.0
iBC PRO 360,Dinosa_VR,1,0,1,100.0
iBC PRO 360,Sukhu75,1,0,1,100.0
iBC PRO 360,farazshamim9,2,0,2,100.0
iBC PRO 360,Powerplay6100,1,0,1,100.0
iBC PRO 360,Hamza,1,0,1,100.0
iBC PRO 360,martinc41,1,0,1,100.0
iBC PRO 360,Zain Sarwar,1,0,1,100.0
iBC PRO 360,sumair,1,0,1,100.0
iBC PRO 360,Dax,1,0,1,100.0
iBC PRO 360,GameParade8258_YT,1,1,2,50.0
iBC PRO 360,Faheem,1,0,1,100.0
iBC PRO 360,ADITHYA GOURIBHATLA,2,0,2,100.0
iBC PRO 360,MJ,0,1,1,0.0
iBC PRO 360,Santhosh Gujje,2,0,2,100.0
iBC PRO 360,Boycott Geoffrey,3,0,3,100.0
iBC PRO 360,Subhanazaan,1,0,1,100.0
iBC PRO 360,Sai,1,0,1,100.0
iBC PRO 360,Veekshith4,1,0,1,100.0
iBC PRO 360,timephilospher13,1,0,1,100.0
iBC PRO 360,prudhiviraj,1,0,1,100.0
iBC PRO 360,Shikhar Sharma,1,0,1,100.0
iBC PRO 360,Ikram Khan,2,0,2,100.0
iBC PRO 360,Boora,1,0,1,100.0
iBC PRO 360,K2L,1,1,2,50.0
iBC PRO 360,Venomvertex24,1,0,1,100.0
iBC PRO 360,ammarkhan87,1,0,1,100.0
iBC PRO 360,harsha425,1,0,1,100.0
iBC PRO 360,Muhammad Janjua,1,0,1,100.0
iBC PRO 360,Gonnabathula,0,1,1,0.0
iBC PRO 360,Arshpreet Singh,1,0,1,100.0
iBC PRO 360,Mehmood,1,0,1,100.0
iBC PRO 360,Vishal,1,0,1,100.0
iBC PRO 360,LaughingMacaw9638,0,1,1,0.0
iBC PRO 360,Salim Syed,0,1,1,0.0
iBC PRO 360,SamP,1,1,2,50.0
iBC PRO 360,Gautam Khandige,2,0,2,100.0
iBC PRO 360,Jack,1,0,1,100.0
iBC PRO 360,Karanveer Singh,3,0,3,100.0
iBC PRO 360,Ram,2,0,2,100.0
iBC PRO 360,Numan Sarfraz,1,0,1,100.0
iBC PRO 360,Sohaib Arshad,2,0,2,100.0
iBC PRO 360,Atul Gupta,1,0,1,100.0
iBC PRO 360,Sheikh0300,1,0,1,100.0
iBC PRO 360,James Middleton,1,0,1,100.0
iBC PRO 360,Imran Shariff,1,0,1,100.0
iBC PRO 360,Rohan,1,0,1,100.0
iBC PRO 360,Another Cricketer,1,0,1,100.0
iBC PRO 360,musascontact,1,0,1,100.0
iBC PRO 360,deepu_vyshu,1,0,1,100.0
iBC PRO 360,Stealthemu,1,0,1,100.0
iBC PRO 360,Ali,1,0,1,100.0
iBC PRO 360,Ali110,1,0,1,100.0
iBC PRO 360,Stone Cold316,1,0,1,100.0
iBC PRO 360,vrmaha8055,1,0,1,100.0
iBC PRO 360,Iceman,0,1,1,0.0
iBC PRO 360,Anil Solanki,1,0,1,100.0
iBC PRO 360,bizwiz00,2,0,2,100.0
iBC PRO 360,Albert,1,0,1,100.0
iBC PRO 360,DataDragon,1,0,1,100.0
iBC PRO 360,mnfumatiya,1,0,1,100.0
iBC PRO 360,rishirocks22,1,0,1,100.0
iBC PRO 360,FrostedNarwhal4218,1,0,1,100.0
iBC PRO 360,RONAK,0,1,1,0.0
iBC PRO 360,Akshar1127,1,0,1,100.0
iBC PRO 360,Niles,1,0,1,100.0
iBC PRO 360,Asif Eqbal,0,1,1,0.0
iBC PRO 360,Fucuras,1,0,1,100.0
iBC PRO 360,Kinshuk Kashyap,1,0,1,100.0
iBC PRO 360,nxy6608,1,0,1,100.0
iBC PRO 360,Mustafa Hussain,1,0,1,100.0
iBC PRO 360,Gary Belcher,1,0,1,100.0
iBC PRO 360,BazBall,0,1,1,0.0
iBC PRO 360,Steve,1,0,1,100.0
iBC PRO 360,HarshaPopuri,1,0,1,100.0
iBC PRO 360,Shashank Ubarhande,1,0,1,100.0
iBC PRO 360,Mumar19,1,0,1,100.0
iBC PRO 360,Regor024,1,0,1,100.0
iBC PRO 360,Mohitv90,1,0,1,100.0
iBC PRO 360,saketh,1,0,1,100.0
iBC PRO 360,Amna,1,0,1,100.0
iBC PRO 360,akarsh86,1,0,1,100.0
iBC PRO 360,Chan8690,1,0,1,100.0
iBC PRO 360 - 250,poolmaster,1,0,1,100.0
iBC PRO 360 - 250,Jyothi Swaroop,1,0,1,100.0
iBC PRO 360 - 250,Scott Thompson,1,0,1,100.0
iBC PRO 360 - 250,Karthik Kosuri,1,0,1,100.0
iBC PRO 360 - 250,Keerthi G,1,0,1,100.0
iBC PRO 360 - 250,Kp,0,1,1,0.0
iBC PRO 360 - 250,Pavan Singh,0,1,1,0.0
iBC PRO 360 - 250,Abeer,1,0,1,100.0
iBC PRO 360 - 250,Nii,1,0,1,100.0
iBC PRO 360 - 250,Avanesh,1,0,1,100.0
iBC PRO 360 - 250,Sai Kittu,1,0,1,100.0
iBC PRO 360 - 250,Krishna Prashanth,0,1,1,0.0
iBC PRO 360 - 250,HighestSaint,1,0,1,100.0
iBC PRO 360 - 250,Nikhil,1,1,2,50.0
iBC PRO 360 - 250,Abhitiwa,2,0,2,100.0
iBC PRO 360 - 250,Alishan Abdul Qadir,1,0,1,100.0
iBC PRO 360 - 250,SinghTaran,1,0,1,100.0
iBC PRO 360 - 250,Nkmaharana,1,0,1,100.0
iBC PRO 360 - 250,Justin Davies,1,0,1,100.0
iBC PRO 360 - 250,Haider,1,0,1,100.0
iBC PRO 360 - 250,shri,1,0,1,100.0
iBC PRO 360 - 250,GoWinNow,1,3,4,25.0
iBC PRO 360 - 250,A1andominic,1,0,1,100.0
iBC PRO 360 - 250,Rachit3069,1,0,1,100.0
iBC PRO 360 - 250,taran2388,3,0,3,100.0
iBC PRO 360 - 250,pu2wilson,1,0,1,100.0
iBC PRO 360 - 250,NiTiN,2,0,2,100.0
iBC PRO 360 - 250,Shikhar,1,0,1,100.0
iBC PRO 360 - 250,aravindun,3,0,3,100.0
iBC PRO 360 - 250,Sukhu75,1,0,1,100.0
iBC PRO 360 - 250,farazshamim9,2,0,2,100.0
iBC PRO 360 - 250,Powerplay6100,1,0,1,100.0
iBC PRO 360 - 250,Anumala,1,0,1,100.0
iBC PRO 360 - 250,martinc41,1,0,1,100.0
iBC PRO 360 - 250,sumair,1,0,1,100.0
iBC PRO 360 - 250,GameParade8258_YT,1,1,2,50.0
iBC PRO 360 - 250,Faheem,1,0,1,100.0
iBC PRO 360 - 250,Santhosh Gujje,2,0,2,100.0
iBC PRO 360 - 250,Subhanazaan,1,0,1,100.0
iBC PRO 360 - 250,Veekshith4,1,0,1,100.0
iBC PRO 360 - 250,prudhiviraj,1,0,1,100.0
iBC PRO 360 - 250,Shikhar Sharma,1,0,1,100.0
iBC PRO 360 - 250,Boora,1,0,1,100.0
iBC PRO 360 - 250,K2L,1,1,2,50.0
iBC PRO 360 - 250,Venomvertex24,1,0,1,100.0
iBC PRO 360 - 250,ammarkhan87,1,0,1,100.0
iBC PRO 360 - 250,harsha425,1,0,1,100.0
iBC PRO 360 - 250,Muhammad Janjua,1,0,1,100.0
iBC PRO 360 - 250,Gonnabathula,0,1,1,0.0
iBC PRO 360 - 250,Arshpreet Singh,1,0,1,100.0
iBC PRO 360 - 250,Mehmood,1,0,1,100.0
iBC PRO 360 - 250,LaughingMacaw9638,0,1,1,0.0
iBC PRO 360 - 250,Salim Syed,0,1,1,0.0
iBC PRO 360 - 250,SamP,1,1,2,50.0
iBC PRO 360 - 250,Jack,1,0,1,100.0
iBC PRO 360 - 250,Karanveer Singh,3,0,3,100.0
iBC PRO 360 - 250,Ram,2,0,2,100.0
iBC PRO 360 - 250,Sohaib Arshad,2,0,2,100.0
iBC PRO 360 - 250,Atul Gupta,1,0,1,100.0
iBC PRO 360 - 250,Boycott Geoffrey,1,0,1,100.0
iBC PRO 360 - 250,IshanOshin,1,0,1,100.0
iBC PRO 360 - 250,Imran Shariff,1,0,1,100.0
iBC PRO 360 - 250,Rohan,1,0,1,100.0
iBC PRO 360 - 250,musascontact,1,0,1,100.0
iBC PRO 360 - 250,Stealthemu,1,0,1,100.0
iBC PRO 360 - 250,Ali,1,0,1,100.0
iBC PRO 360 - 250,Ali110,1,0,1,100.0
iBC PRO 360 - 250,Stone Cold316,1,0,1,100.0
iBC PRO 360 - 250,vrmaha8055,1,0,1,100.0
iBC PRO 360 - 250,Rishab Prashanth,1,1,2,50.0
iBC PRO 360 - 250,Anil Solanki,1,0,1,100.0
iBC PRO 360 - 250,bizwiz00,2,0,2,100.0
iBC PRO 360 - 250,DataDragon,1,0,1,100.0
iBC PRO 360 - 250,mnfumatiya,1,0,1,100.0
iBC PRO 360 - 250,rishirocks22,1,0,1,100.0
iBC PRO 360 - 250,FrostedNarwhal4218,1,0,1,100.0
iBC PRO 360 - 250,RONAK,0,1,1,0.0
iBC PRO 360 - 250,Ikram Khan,1,0,1,100.0
iBC PRO 360 - 250,Niles,1,0,1,100.0
iBC PRO 360 - 250,Asif Eqbal,0,1,1,0.0
iBC PRO 360 - 250,Fucuras,1,0,1,100.0
iBC PRO 360 - 250,nxy6608,1,0,1,100.0
iBC PRO 360 - 250,ADITHYA GOURIBHATLA,1,0,1,100.0
iBC PRO 360 - 250,BazBall,0,1,1,0.0
iBC PRO 360 - 250,Shashank Ubarhande,1,0,1,100.0
iBC PRO 360 - 250,Mumar19,1,0,1,100.0
iBC PRO 360 - 250,Regor024,1,0,1,100.0
iBC PRO 360 - 250,Mohitv90,1,0,1,100.0
iBC PRO 360 - 250,saketh,1,0,1,100.0
iBC PRO 360 - 250,Amna,1,0,1,100.0
iBC PRO 360 - 250,akarsh86,1,0,1,100.0
iBC PRO 360 - 250,chiku0215,0,1,1,0.0
iBC PRO 360 - 250,Chan8690,1,0,1,100.0
iBC 360,anveshkolli,1,0,1,100.0
iBC 360,Rachit3069,3,1,4,75.0
iBC 360,Sukhu75,1,0,1,100.0
iBC 360,chiku0215,1,5,6,16.7
iBC 360,Vishal dhanala,2,0,2,100.0
iBC 360,Gonnabathula,0,1,1,0.0
iBC 360,AJ,1,0,1,100.0
iBC 360,aviroyal,1,0,1,100.0
iBC 360,kAiZZeR 007,1,0,1,100.0
iBC 360,Munawar,1,0,1,100.0
iBC 360,VK,0,3,3,0.0
iBC 360,Rishab Prashanth,3,1,4,75.0
iBC 360,Shrey,1,0,1,100.0
iBC 360,Zain Sarwar,1,0,1,100.0
iBC 360,Faisal hayat,3,0,3,100.0
iBC 360,quick-bravery,2,0,2,100.0
iBC 360,Jaitik Berawala,0,2,2,0.0
iBC 360,WhoGamer,1,1,2,50.0
iBC 360,Haree,2,0,2,100.0
iBC 360,KYADASI SRIKANTH,1,0,1,100.0
iBC 360,Keerthi G,1,0,1,100.0
iBC 360,Fetalice,1,0,1,100.0
iBC 360,Gary Belcher,1,0,1,100.0
iBC 360,Yogesh Shrivastava,2,0,2,100.0
iBC 360,N@N!,1,0,1,100.0
iBC 360,Jyothi Swaroop,1,0,1,100.0
iBC 360,Vivek Venugopal,1,0,1,100.0
iBC 360,Junadkhan,2,0,2,100.0
iBC 360,Arjunak23,3,1,4,75.0
iBC 360,Pratik Chandarana,1,0,1,100.0
iBC 360,manjunath0591,1,0,1,100.0
iBC 360,Tharshith,1,0,1,100.0
iBC 360,AshMc1,1,0,1,100.0
iBC 360,uzair52,1,0,1,100.0
iBC 360,akarsh86,1,0,1,100.0
iBC 360,emms.shergill,2,2,4,50.0
iBC 360,saketh,1,0,1,100.0
iBC 360,ai.x,1,0,1,100.0
iBC 360,DireKirby,0,1,1,0.0
iBC 360,Devil,2,0,2,100.0
iBC 360,Mike Andrews,1,0,1,100.0
iBC 360,Mohammad Ahyan,2,0,2,100.0
iBC 360,Adilmirza,1,0,1,100.0
iBC 360,zubair16,1,0,1,100.0
iBC 360,Janjo,1,0,1,100.0
iBC 360,Puneet,0,1,1,0.0
iBC 360,Viraj Sankholkar,1,0,1,100.0
iBC 360,Finalstatue,1,0,1,100.0
iBC 360,AminSajwani17,1,0,1,100.0
iBC 360,fas,1,1,2,50.0
iBC 360,GoldBadger2650,1,0,1,100.0
iBC 360,NiTiN,1,0,1,100.0
iBC 360,మధు కిరణ్ తుమ్మిడి,0,1,1,0.0
iBC 360,Garvish,0,1,1,0.0
iBC 360,GoWinNow,0,4,4,0.0
iBC 360,Shayak Mukherjee,0,1,1,0.0
iBC 360,wajihhaider1,0,1,1,0.0
iBC 360,Srikanth Mamidi,1,0,1,100.0
iBC 360,Anil Roy,1,0,1,100.0
iBC 360,Morne Herselman,1,0,1,100.0
iBC 360,Lets workout,1,0,1,100.0
iBC 360,Arslan Cheema,1,0,1,100.0
iBC 360,amazing11,1,0,1,100.0
iBC 360,CS COATs,1,0,1,100.0
iBC 360,Jigar Adhiya,1,0,1,100.0
iBC 360,SAi Kumar Reddy,1,0,1,100.0
iBC 360,Deepuppal,1,0,1,100.0
iBC 360,Jeevan,0,1,1,0.0
iBC 360,Right_handed_batsman,1,0,1,100.0
iBC 360,Santosh,1,0,1,100.0
iBC 360,SadhiqCMA,1,0,1,100.0
iBC 360,Dushyanth,1,0,1,100.0
iBC 360,ammarkhan87,1,0,1,100.0
iBC 360,FriendlyFlamingo9461,1,0,1,100.0
iBC 360,Mandy Mandanna,1,0,1,100.0
iBC 360,San Van,1,0,1,100.0
iBC 360,Barney,1,0,1,100.0
iBC 360,Meer03,1,0,1,100.0
iBC 360,Adeel Prasla,1,0,1,100.0
iBC 360,Harsh,0,1,1,0.0
iBC 360,CyyM07,1,0,1,100.0
iBC 360,AJ-Abhi,1,0,1,100.0
iBC 360,Haleyangilella,1,0,1,100.0
iBC 360,Numan Sarfraz,1,0,1,100.0
iBC 360,Praneeth,1,0,1,100.0
iBC 360,Vidit Chopra,1,0,1,100.0
iBC 360,Mayank Dungarwal,0,1,1,0.0
iBC 360,Abhya73,1,0,1,100.0
iBC 360,Sumit,1,0,1,100.0
iBC 360,JumpingWren3304,1,0,1,100.0
iBC 360,GoofyTapir5006,1,0,1,100.0
iBC 360 - 500,anveshkolli,1,0,1,100.0
iBC 360 - 500,Rachit3069,2,0,2,100.0
iBC 360 - 500,Sukhu75,1,0,1,100.0
iBC 360 - 500,chiku0215,1,1,2,50.0
iBC 360 - 500,Vishal dhanala,2,0,2,100.0
iBC 360 - 500,Gonnabathula,0,1,1,0.0
iBC 360 - 500,AJ,1,0,1,100.0
iBC 360 - 500,aviroyal,1,0,1,100.0
iBC 360 - 500,kAiZZeR 007,1,0,1,100.0
iBC 360 - 500,Munawar,1,0,1,100.0
iBC 360 - 500,Rishab Prashanth,2,0,2,100.0
iBC 360 - 500,Zain Sarwar,1,0,1,100.0
iBC 360 - 500,quick-bravery,2,0,2,100.0
iBC 360 - 500,Haree,2,0,2,100.0
iBC 360 - 500,N@N!,1,0,1,100.0
iBC 360 - 500,Junadkhan,2,0,2,100.0
iBC 360 - 500,Arjunak23,0,1,1,0.0
iBC 360 - 500,Pratik Chandarana,1,0,1,100.0
iBC 360 - 500,emms.shergill,0,1,1,0.0
iBC 360 - 500,saketh,1,0,1,100.0
iBC 360 - 500,ai.x,1,0,1,100.0
iBC 360 - 500,DireKirby,0,1,1,0.0
iBC 360 - 500,Devil,2,0,2,100.0
iBC 360 - 500,Mike Andrews,1,0,1,100.0
iBC 360 - 500,zubair16,1,0,1,100.0
iBC 360 - 500,Janjo,1,0,1,100.0
iBC 360 - 500,GoWinNow,0,3,3,0.0
iBC 360 - 500,Srikanth Mamidi,1,0,1,100.0
iBC 360 - 500,CS COATs,1,0,1,100.0
iBC 360 - 500,Mohammad Ahyan,1,0,1,100.0
iBC 360 - 500,Jeevan,0,1,1,0.0
iBC 360 - 500,Right_handed_batsman,1,0,1,100.0
iBC 360 - 500,AJ-Abhi,1,0,1,100.0
iBC 360 - 500,Haleyangilella,1,0,1,100.0
iBC 360 - 500,Numan Sarfraz,1,0,1,100.0
iBC 360 - 500,Vidit Chopra,1,0,1,100.0
Other,Dr VIGHNESH B,0,1,1,0.0
Other,Animal,0,1,2,0.0
Other,Srinunaidu,0,0,1,0.0
Other,Salman Ayub,0,0,1,0.0
Other,ArunJalanila,0,0,1,0.0
Other,Krishnakumar K,0,1,1,0.0
Other,AnythingIsPossible,0,1,1,0.0
Other,NEW ZEALAND,0,0,1,0.0
Other,Varshnem,0,0,1,0.0
Other,Raj Patil,0,0,1,0.0
Other,Shoaib,0,0,1,0.0
Other,KiranDevara,0,0,1,0.0
Other,Adeep kumar sahoo,0,1,1,0.0
Other,Donz Rohilla,1,0,1,100.0
Other,Parth Patel,0,0,1,0.0
Other,Zackahmed2020,0,1,1,0.0
Other,Narayanharimittal,0,1,1,0.0
Other,Aalok,0,0,1,0.0
Other,Izhar Ali,0,1,1,0.0
Other,Mudi,0,0,1,0.0
Other,Bharath Simha Reddy Bobbala,0,1,1,0.0
Other,Isco71,0,0,1,0.0
Other,Nishant Kumar,0,1,1,0.0
Masters kno league,Dr VIGHNESH B,0,1,1,0.0
iBC PRO 360 - 500,chiku0215,0,1,1,0.0
iBC PRO 360 - 500,Jaadooo,0,1,1,0.0
iBC PRO 360 - 500,Salmankhan24,1,0,1,100.0
iBC PRO 360 - 500,Rahul Badhan,1,0,1,100.0
iBC PRO 360 - 500,pu2wilson,3,0,3,100.0
iBC PRO 360 - 500,Rashesh,1,1,2,50.0
iBC PRO 360 - 500,NiTiN,1,0,1,100.0
iBC PRO 360 - 500,Fetalice,1,0,1,100.0
iBC PRO 360 - 500,RiteshSbgIndia,1,0,1,100.0
iBC PRO 360 - 500,AjgarJurraat,1,0,1,100.0
iBC PRO 360 - 500,Ajaura,1,0,1,100.0
iBC PRO 360 - 500,VR Meta,1,0,1,100.0
iBC PRO 360 - 500,Rishab Prashanth,0,1,1,0.0
iBC PRO 360 - 500,Anumala,1,0,1,100.0
iBC PRO 360 - 500,Rachit3069,0,1,1,0.0
iBC PRO 360 - 500,IshanOshin,1,0,1,100.0
iBC PRO 360 - 500,Dev,1,0,1,100.0
iBC PRO 360 - 500,Kunal,1,0,1,100.0
iBC PRO 360 - 500,GalacticParakeet3590,1,0,1,100.0
iBC PRO 360 - 500,Dinosa_VR,1,0,1,100.0
iBC PRO 360 - 500,Hamza,1,0,1,100.0
iBC PRO 360 - 500,Zain Sarwar,1,0,1,100.0
iBC PRO 360 - 500,Dax,1,0,1,100.0
iBC PRO 360 - 500,MJ,0,1,1,0.0
iBC PRO 360 - 500,Boycott Geoffrey,2,0,2,100.0
iBC PRO 360 - 500,Sai,1,0,1,100.0
iBC PRO 360 - 500,Shikhar,1,0,1,100.0
iBC PRO 360 - 500,Ikram Khan,1,0,1,100.0
iBC PRO 360 - 500,Nikhil,1,1,2,50.0
iBC PRO 360 - 500,Vishal,1,0,1,100.0
iBC PRO 360 - 500,aravindun,0,1,1,0.0
iBC PRO 360 - 500,Gautam Khandige,2,0,2,100.0
iBC PRO 360 - 500,Numan Sarfraz,1,0,1,100.0
iBC PRO 360 - 500,GoWinNow,1,1,2,50.0
iBC PRO 360 - 500,Sheikh0300,1,0,1,100.0
iBC PRO 360 - 500,James Middleton,1,0,1,100.0
iBC PRO 360 - 500,Another Cricketer,1,0,1,100.0
iBC PRO 360 - 500,deepu_vyshu,1,0,1,100.0
iBC PRO 360 - 500,Akshar1127,1,0,1,100.0
iBC PRO 360 - 500,poolmaster,1,0,1,100.0
iBC PRO 360 - 500,Mustafa Hussain,1,0,1,100.0
iBC PRO 360 - 500,Gary Belcher,1,0,1,100.0
iBC PRO 360 - 500,HarshaPopuri,1,0,1,100.0
IB Cricket League,Animal,0,1,2,0.0
IB Cricket League,Srinunaidu,0,0,1,0.0
IB Cricket League,Salman Ayub,0,0,1,0.0
IB Cricket League,ArunJalanila,0,0,1,0.0
IB Cricket League,Krishnakumar K,0,1,1,0.0
IB Cricket League,AnythingIsPossible,0,1,1,0.0
IB Cricket League,NEW ZEALAND,0,0,1,0.0
IB Cricket League,Varshnem,0,0,1,0.0
IB Cricket League,Raj Patil,0,0,1,0.0
IB Cricket League,Shoaib,0,0,1,0.0
IB Cricket League,KiranDevara,0,0,1,0.0
iBC PRO 360 - 1000,pu2wilson,0,1,1,0.0
iBC PRO 360 - 1000,kAiZZeR 007,1,0,1,100.0
iBC PRO 360 - 1000,Zeeshan,0,1,1,0.0
iBC PRO 360 - 1000,Wizheart,1,0,1,100.0
iBC PRO 360 - 1000,chiku0215,1,0,1,100.0
iBC PRO 360 - 1000,ADITHYA GOURIBHATLA,1,0,1,100.0
iBC PRO 360 - 1000,timephilospher13,1,0,1,100.0
iBC PRO 360 - 1000,Iceman,0,1,1,0.0
iBC PRO 360 - 1000,Albert,1,0,1,100.0
iBC PRO 360 - 1000,Kinshuk Kashyap,1,0,1,100.0
iBC PRO 360 - 1000,Steve,1,0,1,100.0
SpinChamps S3,Adeep kumar sahoo,0,1,1,0.0
SpinChamps S3,Donz Rohilla,1,0,1,100.0
iBC 360 - 250,VK,0,3,3,0.0
iBC 360 - 250,Shrey,1,0,1,100.0
iBC 360 - 250,Faisal hayat,3,0,3,100.0
iBC 360 - 250,Jaitik Berawala,0,2,2,0.0
iBC 360 - 250,Keerthi G,1,0,1,100.0
iBC 360 - 250,Fetalice,1,0,1,100.0
iBC 360 - 250,Gary Belcher,1,0,1,100.0
iBC 360 - 250,Vivek Venugopal,1,0,1,100.0
iBC 360 - 250,manjunath0591,1,0,1,100.0
iBC 360 - 250,Tharshith,1,0,1,100.0
iBC 360 - 250,AshMc1,1,0,1,100.0
iBC 360 - 250,uzair52,1,0,1,100.0
iBC 360 - 250,akarsh86,1,0,1,100.0
iBC 360 - 250,chiku0215,0,4,4,0.0
iBC 360 - 250,Mohammad Ahyan,1,0,1,100.0
iBC 360 - 250,Adilmirza,1,0,1,100.0
iBC 360 - 250,Arjunak23,3,0,3,100.0
iBC 360 - 250,Puneet,0,1,1,0.0
iBC 360 - 250,Rachit3069,1,1,2,50.0
iBC 360 - 250,Viraj Sankholkar,1,0,1,100.0
iBC 360 - 250,Finalstatue,1,0,1,100.0
iBC 360 - 250,AminSajwani17,1,0,1,100.0
iBC 360 - 250,fas,1,1,2,50.0
iBC 360 - 250,GoldBadger2650,1,0,1,100.0
iBC 360 - 250,NiTiN,1,0,1,100.0
iBC 360 - 250,మధు కిరణ్ తుమ్మిడి,0,1,1,0.0
iBC 360 - 250,Garvish,0,1,1,0.0
iBC 360 - 250,Shayak Mukherjee,0,1,1,0.0
iBC 360 - 250,Anil Roy,1,0,1,100.0
iBC 360 - 250,Morne Herselman,1,0,1,100.0
iBC 360 - 250,Rishab Prashanth,1,1,2,50.0
iBC 360 - 250,Lets workout,1,0,1,100.0
iBC 360 - 250,amazing11,1,0,1,100.0
iBC 360 - 250,SAi Kumar Reddy,1,0,1,100.0
iBC 360 - 250,Deepuppal,1,0,1,100.0
iBC 360 - 250,Yogesh Shrivastava,1,0,1,100.0
iBC 360 - 250,Santosh,1,0,1,100.0
iBC 360 - 250,SadhiqCMA,1,0,1,100.0
iBC 360 - 250,Dushyanth,1,0,1,100.0
iBC 360 - 250,ammarkhan87,1,0,1,100.0
iBC 360 - 250,FriendlyFlamingo9461,1,0,1,100.0
iBC 360 - 250,Mandy Mandanna,1,0,1,100.0
iBC 360 - 250,San Van,1,0,1,100.0
iBC 360 - 250,Barney,1,0,1,100.0
iBC 360 - 250,emms.shergill,1,1,2,50.0
iBC 360 - 250,WhoGamer,1,0,1,100.0
iBC 360 - 250,Meer03,1,0,1,100.0
iBC 360 - 250,GoWinNow,0,1,1,0.0
iBC 360 - 250,Adeel Prasla,1,0,1,100.0
iBC 360 - 250,Harsh,0,1,1,0.0
iBC 360 - 250,CyyM07,1,0,1,100.0
iBC 360 - 250,Praneeth,1,0,1,100.0
iBC 360 - 250,Mayank Dungarwal,0,1,1,0.0
iBC 360 - 250,Abhya73,1,0,1,100.0
iBC 360 - 250,Sumit,1,0,1,100.0
iBC 360 - 250,JumpingWren3304,1,0,1,100.0
iBC 360 - 250,GoofyTapir5006,1,0,1,100.0
iBC 360 - 1000,WhoGamer,0,1,1,0.0
iBC 360 - 1000,KYADASI SRIKANTH,1,0,1,100.0
iBC 360 - 1000,Yogesh Shrivastava,1,0,1,100.0
iBC 360 - 1000,Jyothi Swaroop,1,0,1,100.0
iBC 360 - 1000,wajihhaider1,0,1,1,0.0
iBC 360 - 1000,emms.shergill,1,0,1,100.0
iBC 360 - 1000,Arslan Cheema,1,0,1,100.0
iBC 360 - 1000,Jigar Adhiya,1,0,1,100.0
easycricket,Parth Patel,0,0,1,0.0
easycricket,Zackahmed2020,0,1,1,0.0
easycricket,Narayanharimittal,0,1,1,0.0
easycricket,Aalok,0,0,1,0.0
easycricket,Izhar Ali,0,1,1,0.0
easycricket,Mudi,0,0,1,0.0
easycricket,Bharath Simha Reddy Bobbala,0,1,1,0.0
easycricket,Isco71,0,0,1,0.0
Test Tournament,Nishant Kumar,0,1,1,0.0
